N,MAE,RMSE,MAPE(%),sMAPE(%),Accuracy%(=100-MAPE),R2,WEATHER_COMBO
2292,5067509.433658754,14131164.418207843,95.45055675615862,179.6266490132481,4.549443243841381,-0.14708007103111642,"(20.0, 25.0]_NO_RAIN"
439,5883531.362368588,11045866.522055011,97.43651399879549,190.71304164834063,2.5634860012045095,-0.394943771837982,"(0.0, 5.0]_NO_RAIN"
1937,6176847.325700194,15803680.084340109,99.24057354317371,185.45360447843407,0.7594264568262901,-0.17998523050104298,"(5.0, 10.0]_NO_RAIN"
394,6552045.0202720575,15133274.082604067,99.66269975939277,189.34656080971894,0.3373002406072345,-0.23020271532574,"(10.0, 15.0]_RAINY"
2623,6797760.98532673,20247721.21527254,99.90015726896101,183.21100262392227,0.09984273103899,-0.1267259758751913,"(10.0, 15.0]_NO_RAIN"
296,4616648.907048005,12985704.634304535,99.95505756612077,176.65484755794498,0.04494243387922836,-0.14431742334048359,"(20.0, 25.0]_RAINY"
2975,4384835.90485983,11473544.237578971,101.29630863171364,177.97857794696813,0.0,-0.17044525460172544,"(15.0, 20.0]_NO_RAIN"
1828,5226931.12692786,14389040.977057496,100.44497360022162,181.32592459174944,0.0,-0.15153215447737223,"(15.0, 20.0]_RAINY"
