N,MAE,RMSE,MAPE(%),sMAPE(%),Accuracy%(=100-MAPE),R2
12826,5501451.001779406,15244490.83434509,99.26763149395299,181.62628573390563,0.7323685060470098,-0.14931998705896832
