N,MAE,RMSE,MAPE(%),Accuracy%(=100-MAPE),R2
12826,3092832.6238518762,9984162.247278167,232.24288163077622,0.0,0.5070097025264617
