Model,MAE,RMSE,MAPE(%),Accuracy%(=100-MAPE),R2
DEEP,3836356.7481757025,10958330.282178523,676.8710891201176,0.0,0.40611291089352086
